Печи для саун;;Электрические, газовые, дровяные печи для саун и бань;"Печи для саун и бань

В саунах и банях устанавливаются газовые, дровяные, либо электрические печи. Выбор печи для саун во многом обусловлен конкретным местом установки и пожеланиями заказчика.

Электрические каменки безусловно более безопасны и удобны в эксплуатации, чем дровяные или газовые аналоги. Отпадает потребность в дымоходе,  установка возможна и в частном коттедже, в загородном доме, коммерческом объекте итд, все что нужно для подключения - это электрический провод. В то же время, баню с дровяной печью чаще устанавливают в отдаленных от города местах, где электрическая сень не способна выдерживать серьезные нагрузки. Так же, в таких парных возможен монтаж газовых печей. ";Печи для бани, печи для бань,  печи для саун, дровяные печи, газовые печи, электрические печи для саун;Купить газовые, электрические, дровяные печи для саун и бань.  ;saunaoven.jpg$Печи для саун&
;Печи без парогенератора;Электрические печи для саун EOS;"Электрические печи для саун


Электропечи разогревают сауну всего за несколько минут. Не нужно постоянно следить за процессом разогрева, так как немецкие печи для саун EOS оснащены датчиками температуры и влажности, которые контролируют климат внутри парной, что позволяет поддерживать установленную температуру. Управление настройками температуры, влажности, освещением в сауне с электрической печью осуществляется с выносного пульта. При этом, с помощью специального модуля для удаленного управления через смартфон или планшет, разогрев печи можно запустить дистанционно. Электрическая печь для сауны отличается от газовых и дровяных меньшим объемом корпуса, разместить такую каменку возможно в любом месте сауны (даже под лавками, в зависимости от модели), что позволяет продумать комфортное расположение полок.";печи для сауны, печи электрические для сауны, печи для бани и сауны, каменка для сауны, печь купить, печи eos, печи эос, ;Электрические печи для саун и бань EOS. Купить печи из Германии.;Finn.jpg$Электрические печи для саун. Сухой режим&
;Печи с парогенератором;Электрические печи для саун со встроенным парогенератором EOS;"Электрические печи со встроенным парогенератором


Электрическая печь с парогенератором отличается от обычной электрической тем, что оснащена встроенным резервуаром для воды, которая испаряясь образует легкий пар.  Печь с парогенератором EOS способна работать в двух режимах: сухом и влажном, при этом для управления такими каменками требуются специальные пульты управления, которые поддерживают оба режима. В зависимости от печи, для управления используются пульты Econ H1 / H2 / H3 / H4, Emotec H, Emotouch II+ .  Параметры влажности и настройки температуры в парной задаются при помощи выносного пульта управления, возможно подобрать оптимальный режим и температуру для комфортного пребывания в парной. Долив воды парогенератора осуществляется автоматическом режиме, либо вручную, в зависимости от модели печи.


Печь с парогенератором расширяет возможности сауны, позволяя  подобрать комфортный климат для людей с сердечно-сосудистыми заболеваниями, давлением или для пребывания в парной с детьми. При использовании комбинированной печи необходимо предусмотреть теплоизоляцию и систему воздухообмена, чтобы пар рассеивался по всей сауне равномерно.

Все печи для саун со встроенным парогенератором немецкой марки EOS возможно комплектовать чашами для трав, гималайской соли или аромамасел. Немецкие электрические печи с парогенератором EOS рассчитаны на долгие годы непрерывной эксплуатации.";печи для сауны, печи для бани и сауны, печь купить, печи eos, печи эос, печь с парогенератором, печи с парогенератором,;Электрические печи для саун со встроенным парогенератором EOS;Muehlen.jpg$Электрические печи для саун со встроенным парогенератором EOS&
;Печи  S-Line;Эксклюзивная серия электрических печей с / без парогенератора EOS S-Line;"Электрические печи для саун EOS S-Line.

Сауна в доме давно стала чем-то необходимым, местом для отдыха душой и телом, для расслабления и общения. О сауне, а точнее о ее сердце – электрической печи пойдет речь ниже.

Современный рынок оборудования для саун предлагает большой выбор электрических и дровяных каменок, рассчитанных на разную мощность и объемы помещения. Сориентироваться в таком многообразии выбора – задача не из легких. Электрические печи EOS S-Line созданы для тех, кто не хочет делать выбор между качеством и стилем, это «Мерседес» среди печей.

S-line, создаются в Германии на заводе EOS Saunatechnik по последним технологиям. Охарактеризовать эту линейку можно в трех словах: качество, надежность, дизайн, стиль. Более того, сам завод позиционирует эти печи как эксклюзивный премиальный продукт, в свою очередь ограничивая количество поставщиков.

Corona, Herkules, Mythos несомненно отвечают всем параметрам S-line. Материал для изготовления тенов и корпуса отличает более высокий стандарт качества. На каждом этапе сбора печи постоянно проводится строгий контроль: начиная с выбора сырья, заканчивая тестовым запуском. Именно это позволило увеличить срок гарантии на S-Line: для частного использования - до 5 лет, до 3 лет – при коммерческой эксплуатации.

Печи серии S-Line производятся в нескольких вариантах мощности и размера, что делает возможным установку как в больших, так и в компактных саунах. Печи исполнены в двух вариантах: электрическая печь и печь со встроенным (приставным) парогенератором, что существенно расширяет возможности их применения.";печи для сауны, печи электрические для сауны, печи для бани и сауны, печь купить, печи eos, печи эос, печи s-line;Печи для саун и бань премиум класса. Серия печей EOS S-Line;s.jpg$Печи для саун EOS S-Line&
;Газовые печи;Немецкие газовые печи Kusatek;"Газовые печи для бань Kusatek

Выбор газовой печи для бани чаще всего обусловлен нескольними факторами: низкая стоимость топлива и возможность установки даже в местах бех стационарного газопровода, в населенных пунктах или котеджных поселках, где ограничена максимальная нагрузка на электрическую сеть, а так же при при необходимости нагревать помещение большого размера.
С 2015 года, компания Kusatek принадлежит заводу EOS Saunatechnik. Серия печей Kusatherm впервые появилась в 1996 году, с тех пор опытные инженеры кропотливо работают над усовершенствованием конструкции и технологий. Печи выпускаются в нескольки вариантах мощности: 10, 15, 20, 30, 50, 75, 90 кВт, так же возможно изготовление печей большей мощности по индивидуальному заказу. Основа печи Kusatherm - двойной спиральный трубопровод, через который походит горящий газ, а так же горелка и вентилятор, которые устанавливаются в техническом помещении или в предбаннике.
Газовые печи для саун Kusatek работают на природном газе, либо на пропане. Температура газа на входе в трубопровод достигает 350 С°, на выходе до 150 С°. Конструкция предусматривает широкие возможности для дизайна внешней отделки каменки.";газовая печь для сауны, kusatek, газовые печи для бани, газовая печь для бани, газовая печь для сауны, газовые печи для сауны, печи для бани на газу;Купить газовые печи для сауны и бани. Kusatek. Описание. Фото;kusatek.jpg$Печи для саун на газу Kusatek&
;Дровяные печи;Дровяные печи для саун и бань Klover;"Дровяные печи для саун и бань

Компания KLOVER SRL, работает на европейском рынке более 45 лет, выпуская отопительное оборудование высочайшего качества работающего на твердом топливе. На сегодняшний день компания KLOVER имеет 52 представительства по всему миру. На предприятии трудятся более 300  высоко - квалифицированных сотрудников.

На заводе KLOVER, используется  современное лазерное оборудование по обработке, гибке и  сварке изделий из  стали.

В 2011 году компания KLOVER совместно с компанией РУССКИЕ ТРАДИЦИИ разработали и произвели модельный ряд печей для Русской бани, серии KLOVER-RT. Опираясь на многолетний опыт в строительстве русских бань, а также требования и пожелания пользователей, любителей, и профессиональных парильщиков, к безопасности, удобству использования, нагреву банного камня до 500 С и конечно дизайна, была поставлена задача произвести оборудование высокого качества. Три года печи KLOVER-RT  испытывались в коммерческих банях с постоянным использованием , то есть топились практически круглосуточно, это позволило нам довести конструкции печей до совершенства, и запустить массовое производство печей в серию. На сегодняшний день производятся семь моделей печей с возможностью  отапливать парные до 60 м3

Все топки изготавливаются из высококачественной котловой окалиностойкой стали марки 13Cr mo 4-5, с содержанием 13% хрома и 5% молибдена, что придает стали жаропрочность и способность работать температурных режимах до 800 С.  Топочная камера сгорания полностью герметична, что исключает возможность неконтролируемого забора кислорода для горения. Для равномерной подачи воздуха топка снабжена чугунными распределителями для  подачи кислорода для горения огня, данная технология позволяет огню гореть равномерно передавая энергию в камень. Регулировка подачи воздуха осуществляется задвижкой расположенной на двери топки.    В верхней части топочной камеры устанавливается  рассекатель пламени, который не позволяет огню добраться до дымохода, тем самым вся тепловая энергия остается в топочной камере и передается на камень, разогревая его до 500 С. Данное решение позволило добиться температуры выходных дымовых газов не выше 300 С, что позволяет значительно уменьшить нагрузку на дымоходы.";печь для бани, печи для бани дровяные, дровяные печи для бани, дровяная печь для бани, дровяная печь для сауны, банные дровяные печи, Klover;Дровяная печь для бани и сауны Klover;kl.jpg$Дровяные печи для саун Klover&
Системы управления;;Пульты управления для саун, хамамов и  модули для расширения функционала;"Системы управления для саун и хамамов

Пуль управления сауной во многом определяет комфорт управления настройками. При помощи пульта задаются основные настройки сауны: температура, влажность, освещение и вентиляция.
Пульты управления для саун EOS - выносные, монтируются на удалении до 10 метров от сауны в техническом помещении либо другом удобном месте. В линейке пультов немецкого производителя EOS Saunatechnik GmnH существует большое количество моделей - от простых (со строгим дизайном и удобной системой навигации по параметрам) - до технологичных моделей пультов, с возможностью управления сауной, хамамом с цветным сенсорным дисплеем. Выбор пульта правления должен зависеть от печи для сауны, а так же необходимости в использовании дополнительного оборудования (освещение, звук итд.) Так для обычной электрической каменки необходима одна версия пульта, а для ее аналога, оснащенного встроенным парогенератором -  требуется иная модификация.
Cерия пультов управления EOS Saunatechnik представлена тремя линейками в разном ценовом сегменте: доступные ECON - все необходимые опции воплощены в 8 вариантах пультов, бизнес линейка EMOTEC с цветным дисплеем и интуитивным управлением, и пульты премиального сегмента EMOTOUCH II+ с сенсорным управлением.
На выставке Interbad в Штутгарте осенью 2014 года так же был анонсирован выход специального модуля, который позволяет управлять сауной с любого iOS и Android устройства. Модуль можно использовать с пультами EMOTEC и EMOTOUCH II+. Интернет модуль WCI - 01 уже в продаже. Так же с 2015 года появилась возможность управлять сауной, хамамом и инфракрасной кабиной с одного пульта при помощи дополнительных модулей.";пульт для сауны, пульт для печи, пульт управления сауной, управление баней, пульт управления каменкой, emotec, emotouch, eos;Пульты управления для саун, хамамов и  модули для расширения функционала EOS;st.jpg$системы управления для саун&
Парогенераторы  для хамама;;Парогенераторы для турекой бани (хамама), и дополнительное оборудование.;"Парогенератор для хамама EOS SteamTec(турецкой бани)

Турецкая баня или хамам во многом отличается от сауны.Основное отличие – это температурный режим 40- 60 С° и высокая влажность. Это диктует выбор выбор материалов для строительства: чаще всего для облицовки поверхностей выбирают затейливые рисунки из мозаики, керамическую плитку, или благородный мрамор. При ведении работ во влажных зонах, особое внимание стоит обратить на гидроизоляцию.

Однако, самая важная часть, от чего зависит комфорт посетителей – это парогенератор для хамама. От его работы зависит качество и количество вырабатываемого пара. Парогенератор устанавливается в специальном техническом помещении, которое может находиться даже на этаж выше или ниже парной комнаты, а форсунки, через которые горячий пар поступает в хамам – располагают внутри хамама внизу, под лавками, или под столом. Пульт управления монтируется в предбаннике, администраторской зоне или в непосредственной близости от парогенератора.

При выборе парогенератора для хамама, стоит в первую очередь отталкиваться от размера помещения. Ведь чем больше парная, тем более мощное оборудование требуется. При необходимости, возможно использовать два или несколько парогенераторов в связке.

Немецкий завод EOS Saunatechnik GmbH производит качественные и надежные парогенераторы для хамама. В 2015 году выпустили в новую серию парогенераторов SteamTec II в чертырех модификациях. Парогенераторы для хамама EOS комплектуются автоматической системой дозирования аромавеществ.";парогенератор хамам, парогенератор для турецкой бани, парогенератор для хамама, купить парогенератор для хамама, eos, steamtec, эос;Купить парогенератор для хамама EOS Steamtec.;steam.jpg$парогенераторы для хамама EOS Steamtec&
Оборудование для ИК саун;;Инфракрасные нагреватели, управление ИК кабиной и допольнительное оборудование;"Инфракрасная сауна


Инфракрасная кабина - это наиболее «молодая» разновидность бань, история которой начинается второй половины двадцатого века в Японии. Тем не менее, ИК-Кабины скоро стали популярными во всем мире.


Что такое Инфракрасное излучение и почему оно безопасно для человека?


Солнечное излучение, которое проникает в земную состоит из ультрафиолетового излучения  (УФ),  видимого  света  и инфракрасного излучения (ИК). «Теплое» тело – любое тело с температурой выше абсолютного нуля в -273°C – излучает ИК лучи. Чем теплее тело, тем больше энергии оно отдает в виде ИК излучения и тем короче длина волны его излучения. ИК лучи невидимы человеческому зрению, но воспринимаются кожей в виде тепла, поэтому его называют тепловым излучением.  Этот  эффект  знаком  всем:  при нахождении на солнце нам становится тепло. А в тени, сразу же ощущается прохлада, хотя температура воздуха на солнце и в тени одинаковы. Тем не менее, ИК излучение не нагревает воздух.


Температура в инфракрасной сауне не превышает 38-45 градусов. Те кто впервые посещает такую сауну, сталкиваются с вопросом: как получить эффект от такой невысокой температуры. Дело в том, что в традиционных банях печь нагревает воздух, стены, полки, за счет этого растет температура. В инфракрасной сауне, волновое излучение согревает организм изнутри, при этом сама кабина почти не нагревается.

Пребывание в такой сауне переносится гораздо легче, благодаря температуре и отсутствию раскаленного воздуха или пара. Но для достижение максимального эффекта необходимо использовать проверенное оборудование. Немецкий завод EOS Saunatechnik GmbH - ведущий производитель техники саун и СПА премиум класса в Европе. Все оборудование EOS проходит тщательный контроль качества на всех этапах производства. Именно поэтому, не стоит думать об альтернативах при обустройстве сауны.";купить инфракрасный излучатель,  инфракрасные керамические излучатели, излучатели для инфракрасной сауны, ик нагреватели, eos, эос, vitae;Инфракрасные нагреватели, управление ИК кабиной и допольнительное оборудование EOS - сделано в Германии.;ir.jpg$Инфракрасные нагреватели и излучатели для ик-кабин EOS&
Освещение для саун и хамамов;;Светильники для саун и хамамов, цветное освещение.;"Светильники для сауны, бани и хамама.

Освещение - это важная деталь любого интерьера, в том числе для сауны или хамама. Расстановка светильников,  внешний вид, и цвет освещения - все это играет значимую роль в создании особой атмосферы. Компания EOC Премиум СПА предлагает выбор товаров для освещения хамамов и саун. Затейливые светильники для сауны и бани, цветное освещение для установки в хамаме или парной, светодиодные  линейки для подсветки лавок и скамеек - наши специалисты подберут именно то, что подойдет Вам. Мы работаем только с надежными европейскими производителями и гарантируем качество товара.";светильник для сауны, светильник для сауны и бани, светильник сауна баня, светильники для сауны и бани купить, светильники для хамама, хамам освещение;Светильники, абажуры, освещение для саун и хамамов. Цветное освещение для бань и хамамов, звездное небо. Описание. Фото.;led.jpg$Светильники для саун и хамамов&
;Освещение для саун;Светильники и абажуры для саун, бань;"Светильники для сауны и бани.

Освещение в бане должно быть приглушенным, располагать к отдыху и расслаблению.  Так же, условия эксплуатация диктуют повышенные требования ко всему оборудованию для саун и бань, в том числе и светильникам для сауны.

На что опираться при подборе освещения для сауны:

- Устойчивость к высокой температуре (до 120 С)
- Стойкость к перепадам температур. (При работающей печи, температура в сауне может достигать до 120 С. В то же время, в режиме ожидания, помещение способно охлаждаться до 0 С и ниже)
- Влагостойкость (Ведь русские люди любят поддать жару в бане)
- Легко включаться / выключаться (Чаще всего освещение в сауне включается с основного пульта управления, или с помощью включателя, который располагают в предбаннике)
- Внешний вид (Оригинальный светильник в бане служит для создания особой атмосферы)

Расположение светильников в сауне.
- Не стоит располагать светильники непосредственно над печью, обычно их устанавливают в углах или на стенах, на уровне 20 см от потолка сауны.
- Не использовать светильники без абажуров (Во-первых, этим вы исключаете получение ожога, во-вторых, абажур, например, из гималайской соли,будет служить для рассеивания света.)
- Использовать исключительно специальные светильники для саун";светильник для сауны, светильник для сауны и бани, светильник сауна баня, светильники для сауны и бани купить, светильники +в сауну купить, светильник баня;Светильники в баню, освещение для саун, абажуры для саун - все это в наличии на складе. ;licht.jpg$Светильники и абажуры для саун&
;Освещение для хамама;Освещение для хамама, звезное небо.;"
Светильники для хамама.

Хамам или турецкая баня - это парная с высоким уровнем влажности, которая достигает 100%. Нагрев в такой бане происходит при помощи горячего пара. Условия эксплуатации диктуют особые требования для освещения хамама - необходимо использовать низковольтные влагостойкие светильники. Освещение турецкой бани часто делают приглушенным, чтобы создать атмосферу расслабления. Так же, хамам отличает дизайн и широкие возможности декоративной отделки, для чего используются затейливые мозаичные узоры, либо натуральный камень. Зачастую, украшением турецкой бани служит \"звездное небо\" - оптоволоконное освещение. У нас Вы можете купить освещение для турецкой бани, а так же оптоволоконные комплекты для \"звездного неба\". Оборудование поставляется из Германии, и отвечает стандартам (IP 54 и выше, напряжение до 24 V)";"
светильники для хамама, хамам освещение, освещение хамама, освещение для турецкой, хамам звездное небо, влагостойкие светильники
";Купить звезное небо для хамама в Москве. Прямые поставки немецкого оборудования. Освещение хамама.;star.jpg$Освещение хамама, комплекты звездного неба&
Аксессуары для сауны и бани;;Аксессуры для сауны создают неповторимый облик сауны, а такие вещи как термометр, гигрометр и песочные часы служат еще и комфорту посетителей.;"Аксессуары для сауны и бани.


Аксессуары –  это дополнительные элементы, которые подчеркивают стиль и дизайн будь то облика, либо помещения. Существует целая серия необходимых деталей для сауны: термометр, гигрометр, комбинированный термогигрометр, песочные часы – все это просто необходимо, поскольку служат удобству посетителей.

Песочные часы отмеряют время, проведенное в сауне, ведь по правилам парения есть лимит на каждое пребывание в парной, для того, чтобы не перегреться и навредить здоровью человека. Песочные часы для саун, которые выпускает завод EOS существуют в пяти вариантах дизайна. Сделанные из темного и светлого дерева, такие часы комплектуются термогигрометром в аналогичном цветовом решении.

Современные пульты управления EOS отображают текущую температуру на дисплее, но пульты управления устанавливаются снаружи сауны. По этому, внутри кабины необходимо установить термометр и гигрометр, для контроля температуры и влажности. Эти приборы крепятся на противоположной от печи стороне бани, чтобы показания приборов были наиболее точными.

Незаменимы в любой бане шайка и черпак: можно поддать жару, плеснув воду на камни, или охладиться водой.  В ассортименте завода EOS наборы из дерева, а так же стильный комплект шайка и черпак для сауны из особого термостойкого пластика.";Гигрометр для бани, термометр для бани, термогигрометр для бани, подголовник для бани, подголовник в баню, товары для сауны, песочные часы для бани;Завод EOS представляет серю термометров, гигрометров, наборов и других аксессуаров для сауны и бани;therm.jpg$Наборы и аксессуары для сауны и бани&
Материалы для строительства;;Материалы для строительства саун, веллнесс и СПА зон. Древесина редких сортов и профиля под заказ.;"Материалы для строительства

Дерево используется для строительства и отделки саун чаще всего. И этому есть ряд объяснений: при нагревании она не выделяет вредные вещества, соответственно посетитель дышит чистым воздухом. Более того разогретое дерево наполняет парную приятным ароматом, который знаком настоящим ценителям бани. Красный канадский кедр, ольха, абаш, эти породы дерева чаще других используются при внутренней отделке сауны. Древесина этих пород почти не подвержена гниению, воздействиям термитов, а так же имеет красивую фактуру.
Древесина используется не только при строительстве сауны, а так же при внутренней и даже внешней отделке дома, строительстве уличной террасы или при оформлении зоны у бассейна. Натуральная красота и экологичность – вот что обуславливает выбор современного человека. ";кедр канадский, канадский кедр цена, красный кедр, полки в бане, полки в баню, полок в бане, абаш купить, абаш цена, абаш для бани, ольха для бани;Купить древесину для отделки саун. Широкий выбор вагонки и разные виды профиля в наличии и под заказ. ;ma.jpg$Материалы для строительства и отделки саун&
;Древесина;Древесина - один из самых экологичных материалов для оформления и отделки помещений. Мы поставляем эксклюзивные породы дерева.;"Древесина для саун и отделки помещений.

Использование натуральной древесины в оформлении создает особый уют и комфорт. В отличии от плитки или камня, деревянные покрытия остаются прохладными в жаркую погоду и сохраняют тепло в холодные дни. Каждая порода древесины обладает уникальной красотой структуры и рисунка, а так же особыми свойствами. Мы предлагаем редкие и эксклюзивные породы древесины и индивидуальный подход в изготовлении профилей. Мы поставляем дерево со всего мира по индивидуальным эскизам и проектам для оформления террас, фасадов, интерьеров, полов, беседок и бань.

Так же всегда в наличии вагонка, полок, и пагонаж красного канадского кедра высшего сорта. Вагонка проходит отбор по двум цветам: темны и светлый. Красный канадский кедр часто используется при отделке премиальных саун: рисунок древа, его запах придется по душе ценителям бани.";кедр канадский, канадский кедр цена, красный кедр, полки в бане, полки в баню, полок в бане, абаш купить, абаш цена, абаш для бани, террасная доска;Древесина для сауны: канадский кедр, абаш, редкие сорта дерева, разные варианты профиля, пагонаж. Заказать.;kk.jpg$Древесина для саун и отделки помещений снаружи и внутри&
;Легкие скалы;Легкие скалы - новый материал для создания гротов в СПА зонах, аквапарках и даже на улице и в снежных комнатах.;"Легкие скалы для декора.
В интерьере современных зданий часто присутствуют натуральные материалы: древесина разных пород, камни. Ландшафтные проекты с натуральным камнем - очень распространенное решение. Однако, при необходимости в больших каменных глыбах, существуют нюансы: вес глыбы может достигать несколько тонн, что влечет за собой трудности в транспортировке, установке (или подъеме на этаж). Не все современные здания способны выдержать такой вес, ограничение максимальной нагрузки на пол помещения.
Искусственные скалы используются для создания гротов и в декоративной отделке помещений СПА зоны, аква-парка, снежной или соляной комнаты, винного погреба, а так же в ландшафтном дизайне. Варианты дизайна – фактически неисчерпаемы. Легкие скалы не имеют запаха и выдерживают перепады температур, что делает возможным их применение при внутренней отделке помещений и создании альпийских горок на улице.
Купить искусственные скалы можно в компании ЕОС Премиум-СПА-технологии.
";"искусственные скалы, камень искусственный скала,  изготовление искусственных скал, купить искусственный камень скала, легкие скалы, искусственный грот
    ";Легкие искуственные скалы - перкрасный материал для декоративной отделки в помещении и на улице.;fr.jpg$Легкие искуственные скалы&
Гималайская соль;;"Розовая гималайская соль используется для декоративной отделки интерьера, в том числе саун. Минерал обладает большим количеством полезных микроэлементов.
";"Розовая гималайская соль для бани.

О полезных свойствах соли, соленого воздуха известно давно. Каждый год люди стараются посетить морское побережье, чтобы вдоволь покупаться и насытиться полезным, насыщенным минералами воздухом. Современные технологии позволяют проводить такие процедуры даже в самых отдаленных от моря регионах. Для этого строятся соляные пещеры и соляные сауны (их отличает температура и влажность в помещении: в пещерах: 35- 40 С°, влажность 45 %, в саунах * 65-70 С°, влажность 30 %).

Мы рекомендуем использовать для отделки розовую гималайскую соль по ряду обоснованных причин:

- Во-первых, эта соль по признанию ученых исследователей - один из наиболее чистых минералов, ведь она добывается вручную, в Пакистане.
- Второй аргумент за гималайскую розовую соль – ее неповторимый рисунок и окрас, который варьируется от светло – розового до насыщенно – бордового цвета, создавая удивительные рисунки.

Показаниям к посещению таких комнат являются кожные заболевания: аллергии, псориаз, экзема, так же заболевания органов дыхания, бронхит, частые простуды, и профилактика для укрепления иммунной системы. Именно поэтому важно использовать только экологически безвредные, нетоксичные материалы при отделке: предпочтение стоит отдать вагонке из натурального дерева.

Крепление дерева обычно не вызывает сложностей, но даже опытные строители порой задаются вопросом, как и на что правильно крепить соляные кирпичи и блоки. Технологи завода EOS Saunatechnik GmbH, основываясь на многолетних испытаниях, разработали уникальный клеящий состав для гималайской соли - Salzkleber, который отвечает всем европейским требованиям безопасности. Он прост в использовании: сухую смесь необходимо просто развести в воде, быстро сохнет (полное высыхание 30 48 часов), может использоваться при температуре 110 С°, не пахнет, и не выделяет вредные вещества при нагревании.
";гималайская соль, гималайская розовая соль, гималайская соль купить, баня гималайская соль, гималайская соль для бани, клей для соли, соль для бани;Розовая гималайская соль для сауны: большой выбор. Наличие. Кирпичи, соль для СПА.;salt.jpg$роховая гималайская соль для сауны&
Lux Elements;;Lux Elements - современный легкий строительный материал для использования во влажных зонах.;"Строительные панели и конструкции Lux Elements

Lux Elements – это современный материал для использования в помещениях с повышенной влажностью. Завод выпускает панели, готовые решения для хамама и ванной комнаты. Область применения материала очень обширна: его используют для строительства турецких бань, отделки СПА зон, для создания декоративных строительных конструкций, а так же для выравнивания стен, в том числе и во влажных помещениях.
Материал Люкс Элементс состоит из жестко вспененного полистирола FOAM, который производится по запатентованной технологии, для придания жесткости FOAM с двух сторон покрывают особым строительным цементным покрытием, для дополнительной прочности используется стеклоткань. Материал обладает рядом необходимых при современном строительстве свойств: водостойкость, огнестойкость, теплоизоляция и стойкость к образованию плести, что немаловажно при эксплуатации в помещениях с высокой влажностью. Продукция завода Lux Elements экологически безопасна, для изготовления жестко-вспененного полистирола используется то же сырье, что и для изготовления упаковки под пищевые продукты.
Lux Elements выпускает системные продукты с 1981 года, постоянно совершенствуя и разрабатывая системно – ориентированные продукты и расширяя номенклатуру. На заводе существует постоянный контроль качества выпускаемой продукции, начиная от закупки исходного сырья, заканчивая выпуском готовых элементов.
Этот материал сочетает в себе два, казалось бы, взаимоисключающих качества: легкость и прочность. Панель имеет небольшой вес, что удобно при транспортировке и работе с материалом.
Lux Elements полностью подготовлен к финальной отделке керамической плиткой, мозаикой или покрытиями из керамики и натурального камня.

";конструкционные панели, влагостойкие панели, панель Lux Elements, влагостойкий материал, строительные панели, строительные конструкции;Современный материал для строительства - влагостойкие панели и элементы Lux Elements для ванных комнат, хамамов, СПА зон;lux_elements.jpg$конструкционные влагостойкие панели Lux Elements, крепеж, смеси, клей, гидроизоляция&
;Панели;Влагостойкие панели Lux Elements - современный легкий материал для строительства.;"Строительные панели Lux Elements

Панели Lux Elements - это современный строительный материал на основе из полистирола. Линейка продукта включает два варианта длины: 2500 мм и 1250 мм, и семь вариантов толщины панели: 12 мм, 20 мм, 30 мм, 40 мм, 50мм, 80 мм, 100 мм. Ширина влагостойкой панели Lux Elements стандартная - 600 мм. Так же, существуют продукты SL и SQ с надрезами по длине и ширине соответственно, для создания округлых мягких форм, изгибов. Данные панели представлены в трех вариантах ширины: 30мм, 50 мм, 80 мм.

Конструкционные панели Lux Elements используются для выравнивания стен и пола, создания декоративных элементов особенно в помещения с высокой влажностью: таких как хамамы, ванные комнаты, СПА и Веллнесс зоны, пространство около бассейна. Материал подготовлен к финальной отделке мозаикой, плиткой, керамическими покрытиями или натуральным камнем.

Благодаря своим теплоизоляционным, влагостойким, огнестойким свойствам рекомендуется для использования в деревянных домах, коммерческих объектах. Легкость в обработке дает простор дизайнерской мысли при воплощении затейливых элементов декора.
";"Lux Elements, Люкс Элементс, панели  Lux Elements, панели Люкс Элементс, Lux Elements купить, Lux Elements  цена, конструкционные панели, влагостойкие панели
   ";Купить влагостойкие панели Lux Elements для отделки ванной комнаты, строительства хамама.;le.jpg$Влагостойкие панели Lux Elements&
;Крепеж, Смеси, Клей;Системные компоненты, сухие гидроизоляционные смеси, крепеж, клей – оригинальные материалы для работы с Lux Elements;"
Крепеж, Смеси, Клей Lux Elements

Для работы с конструктивными панелями и готовыми решениями для хамамов и ванных комнат Lux Elements существует особая серия системных компонентов и крепежа. Возможно два типа монтажа панелей: приклеивание и закрепление при помощи пластиковых либо металлических дюбелей.

В случаях крепления непосредственно на стены либо пол клеящий состав наносится на всю стену зубчатым шпателем. При необходимости сформировать контактный слой, клеящий состав рекомендуется наносить выравнивающим шпателем. При неровном основании, клей наносится шлепками (8-10 ед./кв.м), при этом расстояние между ними должно быть около 20 см. Облицовочную плитку или мозаику укладывают на тонкий слой клеящего состава.

Пластиковые дюбели используются для соединения несущих элементов во влажных и сырых помещениях. Металлические дюбели предназначены для большей глубины закрепления к стене. В зависимости от типа каркаса: деревянного или металлического, используются разные крепежные наборы.
";Lux Elements, Люкс Элементс, dry ask, клей для влагостойких панелей, cмеси гидроизоляционные, сухие гидроизоляционные смеси;"
Оригинальные системные компоненты, сухие гидроизоляционные смеси, крепеж, клей – для качественной и быстрой работы с Lux Elements.
";COL-AK.jpg$Lux Elements системные компоненты, смеси, крепеж для работы с панелями люкс элементс&
;Гидроизоляционные материалы;Гидроизоляционные смеси и элементы Lux Elements разработаны с учетом повышенных требований к эксплуатации во влажных помещениях с перепадами температур.  ;"Гидроизоляция в турецких банях и ванных комнатах LUX ELEMENTS

Продукты завода LUX ELEMENTS ориентированы на применение в строительстве помещений с повышенной влажностью. Материал устойчив к образованию плесни и гниению, благодаря внутреннему слою из жестко вспененного полистирола FOAM, который не является питательной средой для губительных микроорганизмов.
Так же завод производит серию продуктов для гидроизоляции: специальные смеси и ленты, которые служат для создания водостойкого основания. Гидроизоляционные смеси и элементы Lux Elements разработаны с учетом требований к эксплуатации во влажных помещениях с перепадами температур.

DRY-ASK – это однокомпонентная, водонепроницаемая покрывающая трещины, эластичная суспензия, наиболее подходящая для гидроизоляционных элементов из жестко-вспененного полистирола LUX ELEMENTS.

DRY-DB – это очень тонкое, прочное, эластичное и не препятствующее диффузии специальное нетканое полотно для герметизации, подходит для уплотнений любых соединений, которые сочетаются с DRY-ASK или DRY-DF например.

DRY-DF– это специальное нетканое полотно для герметизации, подходит для плоских альтернативных уплотнений в полах и стенах. С помощью системных компонентов DRY-DB и DRY- ASK уплотнение переходов, углов, и т.д может считаться завершенным.

DRY-DBDZM - это манжеты с расширяющимся участком на основе ПВХ(доступно четыре варианта размера ). Находящийся посредине расширяющийся участок позволяет герметизировать трубы с разным внешним диаметром.

DRY-DBV – это уплотнительная лента с герметизирующими и пароизоляционными свойствами для использования в сочетании с ELEMENT-VKС с ламинированным нетканым полотном при герметизации стыков панелей. Применение оригинальных сухих смесей и гидроизоляционных лент гарантирует Вам высочайшую надежность и долговечность конструкций.

Жидкая герметизация
Для герметизации несущих элементов из жесткого пенопласта рекомендуется использовать эластичную суспензию, которая наносится выравнивающей кельмой.

Гидроизоляционные ленты
Это специальное тонкое покрытие, устойчивой к разрывам волокнистой ленты. Чаще всего используется для герметизации потов или стен.
";гидроизоляция, гидроизоляционные смеси, гидроизоляция ванной, смеси гидроизоляционные, сухие гидроизоляционные смеси, гидроизоляция хамама;Купить качественные материалы для гидроизоляции и сухие строительные смеси для использования во влажных помещениях. Качество Lux Elements;DRY-DB.jpg$Lux Elements гидроизоляционные смеси и ленты&
;Готовые решения для хамама;Лежаки и скамьи для хамама, сборный хамам Lux Elements;"Готовый хамам за 5 дней - это реально!

Строительство хамама, длительный и трудоемкий процесс, который может занимать до нескольких месяцев кропотливой работы. Можно ли сделать быстро, не в ущерб качеству?
Завод Lux Elements поставляет сборные конструкции для хамама. Это полностью готовый к сборке продукт со всеми необходимыми смесями, клеем и крепежом в комплекте. Все хамамы разрабатываются индивидуально, исходя из размера помещения, пожеланий заказчика по расположению лежаков, форме и размеру купола. После производства, каждый продукт проходит тестовую сборку на заводе в Германии. Далее, каждому элементу присваивается номер. Такая конструкция встраивается внутрь помещения, нет необходимости крепить ее к стене.
На сборку, монтаж и чистовую отделку такого «конструктора» потребуется всего пять дней. В итоге, вы получите турецкую баню своей мечты, которая прослужит Вам долгие годы.

Лежаки и скамейки для хамама.

Lux Elements предлагает 6 вариантов лежаков и скамей для хамама. Разные варианты исполнения, позволят подобрать именно то, что нужно Вам. Лежаки и скамьи могут быть дополнительно оснащены системой электрического подогрева. Так же, для тех, кто предпочитает водный обогрев, возможно изготовление сидений с прорезями для укладки труб. Летом 2013 года инженеры завода Lux Elements представили абсолютно новое решение в строительстве хамамов и обустройстве СПА зоны — это сборные лежаки. Теперь возможно регулировать ширину скамейки в зависимости от Вашего желания, использовать только необходимые для конкретного объекта детали элемента (спинка или фигурное основание). Так же, благодаря нишам под скамьей Вы получаете возможность для легкого и быстрого монтажа всех необходимых коммуникаций. Неизменное немецкое качество данного продукта гарантирует долговечность и прочность построенного Вами объекта, а легкость сборки сэкономит большое количество времени при монтаже. Огромным плюсом данного изделия является его доступная цена.
Панели и конструкции Люкс Элементс широко используются во всем мире благодаря своим основным свойствам: прочность, экологичность, легкость обработки и монтажа, широкая сфера применения, огромная возможность для воссоздания дизайнерских решений.
";Lux Elements, Люкс Элементс, купол для хамама, лежак для хамама, скамья для хамама, готовый хамам, построить хамам, хамам своими руками;Лежики, потолок, готовые решения для хамама. Купить Lux Elements для турецкой бани;hamam.jpg$Lux Elements готовые решения для хамама, лежаки, скамиь, куполы&
;Элементы ванной комнаты;Материалы Lux Elemenst идеально одходят для семонта в ванных комнатах. Умывальники, облицока труб и ванн, душевые поддоны - в стандартных размерах и под заказ.;"Lux Elements для ванных комнат.

Ремонт и отделка ванной требует особых материалов, так как необходимо позаботиться о гидроизоляции стен и пола, предусмотреть ревизионные окна для соединений труб, а так же провести и спрятать инженерные коммуникации.
Универсальные строительные панели Lux Elements подходят для укладки на стены и пол, их легко крепить на деревянные, каменные бетонные и штукатуренные стены. Панели служат для выравнивания стен, а так же являются водонепроницаемой, теплоизолирующей, и стойкой к перепадам температур и воздействию плести основой для отделки плиткой, мозаикой или альтернативными покрытиями. Иная область применения панелей Lux Elements – создание полок, умывальников и других декоративных элементов ванной комнаты, облицовка ванн, а так же зонирование пространства с помощью перегородок и создание стен на металлическом и деревянном каркасе. Одна из физических особенностей панелей Lux Elements – стойкость к температуре, достигающей 75 С. Поэтому конструкции пола из этого материала можно сочетать с системами отопления.
В линейке завода существуют элементы для облицовки труб разной формы – Элементы TEC. Модели TEC-SK с двухсторонним покрытием – это гладкие элементы для облицовки труб, которые накладываются и образуют угол от 20 до 180 градусов. Соответственно в них есть пазы и самоклеящаяся лента.
Так же предусмотрены особые продукты для обшивки ванн. Это полностью демонтируемая облицовка, производится в четырех стандартных формах или по индивидуальному заказу. При необходимости после монтажа элементов обшивки ванны на выбранном месте формируется отверстие для ревизии необходимого размера. Сверху или снизу крепятся удерживающие профили MONT-TOPREV.
Умывальные столики LAVADO под отделку мозаикой дополнят интерьер ванной комнаты. Элемент LAVADO Крепится к стене незаметными кронштейнами для подвешивания, поэтому выглядят парящими в воздухе. В трех моделях выемка разных форм, четвертая модель без выемки, поэтому подходит для стандартных встраиваемых умывальников.
Для использования в душевых существует особая серия поддонов с заводской герметизацией и встроенным уплотненным каркасом для отвода на уровне пола. Душевые поддоны изготовлены с разуклонкой и имеют водонепроницаемое покрытие. Монтировать такой поддон очень легко, так как все необходимые элементы включены в комплект поставки.
";"Lux Elements, Люкс Элементс, обшивка ванн, умывальник, влагостойкая панель, отделка стен ванной, ремонт в ванной, строительная панель, гидроизоляция ванной
   ";Lux Elements Влагостойкие панели для обшивки ванной, гидроизоляция, купить люкс элемент в Москве  ;bath.jpg$Lux Elemenst элементы ванной комнаты, душевые поддоны, умывальники, облицовка труб&
Двери для саун и хамамов;;Двери для саун и хамомов из Германии.;"Двери для саун и хамамов.

Двери для саун, бань и хамамов существенно отличаются от привычных межкомнатных. Отличия обусловлены условиями эксплуатации: высокая температура, влажность. По этому двери для саун изготавливают из закаленного стекла толщиной до 8мм. А двери для хамама, которые ставятся в помещении с практически 100% влажности делают из алюминия.
";стеклянные двери, двери для бани, двери для сауны, банные двери, двери для хамамаб дверь eos, дверь эос;EOS Стеклянные двери для саун и хамамов из Германии. ;.jpg$Печи для саун&
Сборные сауны;;Сборные сауны и инфракрасные кабины СибХольц-Сауна. ;"Сборные сауны.

Баня, сауна - неотъемлемая часть русской культуры, место для оздоровления, отдыха душой и телом. Если раньше баня была обязательно отдельно стоящим строением, то сейчас можно установить сауну в любом месте: в загородном доме или городской квартире и даже в офисе. Технологии строительства сокращают время монтажа до пары часов.
Сборная сауна имеет ряд преимуществ:

- Для нее не нужно специального места
- Быстрая сборка, всего несколько часов
- Широкий выбор моделей, а так же возможность индивидуального исполнения под заказ
- Отапливаются сборные сауны электрической печью, что сокращает время нагрева
- Но самое главное, домашняя сауна всегда доступна для посещения

Компания ЕОС Премиум-СПА-Технологии предлагает кабины СибХольц-Сауна, произведенные в России, в городе Новосибирск из массива сибирского кедра. Готовые сауны комплектуются немецким оборудованием для EOS.";Сборные сауны, готовые сауны, сауны для квартиры, сауны кабины;Купить готвую сауну кабину. Сборные сауны под заказ.;sibholz.jpg$Sibholz сборные домашние сауны из массива сибирского кедра СибХольц-Сауна&
Дозирующие станции WDT;;Дозирующие станции WDT для саун и хамамов;Сейчас обычной турецкой баней уже никого не удивишь: почти в любом фитнесс центре или отеле наряду с сухой финской сауной есть и хамам. Чем можно выделиться? Как привлечь посетителей или удивить друзей? Отличным решением могут стать дозирующие станции от WDT. Все дозирующие станции предварительно смонтированы на плате и готовы к подключению, их монтаж производится в техническом помещении. Управляются они из кабины, с помощью специального влагостойкого пульта.;"WDT, дозирующие станции, дозирующие станции WDT, соляной генератор, генератор пены в хамам,  аромагенератор, ароматерапия, травяная сауна, пенный массаж,
    ";Дозирующие станции WDT для сухих и влажных помещений, для сауны и хамама. Купить по тел. +7 495 66 55 192;soldos_v3.jpg$Дозирующие станции WDT для саун и хамамов&
;Дозирующие станции для саун / соляных;Дозирующие станции WDT для саун и соляных бань.;"Дозирующие станции для саун и соляных комнат.

Существует масса научных исследований, которые доказывают пользу для человеческого организма. Обогащенный солью воздух помогает вылечить заболевания верхних и нижних дыхательных путей, аллергии, кожные заболевания, позволяет остановить развитие астмы на ранних этапах, облегчает дыхание при проявлениях бронхита и респираторных инфекциях. Рукотворная соляная комната - это гармоничное сочетание  природного начала и современных технологий. Дозирующие станции Soldos от немецкого завода WDT помогают воссоздать климат соляных пещер.
";Cоляной генератор, soldos, wdt, ароматерапия, дозирующие станции wdt, травяная сауна, оборудование для саун;Дозирующие станции WDT для бань и саун, Soldos, ароматерапия для создания неповторимой атмосферы в сауне;salt_room.jpg$Дозирующие станции WDT для саун и соляных бань&
;Дозирующие станции для хамамов;Дозирующие станции WDT для хамамов;"Дозирующие станции для хамамов

Турецкая баня – это высокая влажность и горячий пар, казалось бы, все что можно уже придумано. Но когда хочется какого-то разнообразия и уникальности не только в интерьере, но и в функциональном наполнении – на выручку приходит оборудование WDT для влажных помещений. И простым нажатием кнопки, вы получаете новые впечатления. Соляной генератор Soldos служит для создания климата морского побережья. Паровой удар  и душ туман - два противоположных по функциям оборудования, одно согревает, другое - охлаждает. Так же существует специальная ароматерапия для хамама на один, два, три или четыре запаха, которые можно менять в зависимости от настроения и желания.";Соляной генератор, wdt, Soldos, ароматерапия для хамама, дозирующие станции для хамама, расул, пенный массаж, foamdos, паровое облако, паровой удар;Дозирующие станции WDT для хамама и влажных мопещений, soldosб паровой удар и душ туман - гарантируют максимум впечатлений от помещения турецкой бани.;wet_room.jpg$Дозирующие станции WDT для хамамов&
Души впечатлений WDT;;Душ впечатлений WDT - водный аттраукион, дарящий массу впечатлений.;"Душ впечатлений WDT


Душ впечатлений это уникальная комбинация воды, света, запаха и звука, которая способна вызвать целую гамму незабываемых ощущений. Оборудование для душевой кабины, разработанное в Германии позволяет посетителям ощутить силу карибского шторма, холодного скандинавского ливня, погрузиться в наполненный освещающими ароматами горный туман или внезапно попасть под град тяжелых капель тропического дождя, несущего запах экзотических цветов и фруктов.

Комбинация температур и режимов разбрызгивания воды дает возможность испытать самые разные ощущения. Холодные программы душа впечатлений взывают прилив бодрости и сил, а теплые, наоборот, расслабляют. Душ впечатлений станет хорошим продолжением тренировки в бассейне, подарит необыкновенное чувство свежести после сауны или мощный заряд энергии в начале дня.
";души впечатлений wdt, душ впечатлений цена, душ впечатлений купить, дохирующие станции WDT, оборудование WDT, душ аттакцион;Души впечателний WDT комбинация температуры и напора воды, света и ароматов, которая спомобна вызвать массу ощущений.;wdt_shower.jpg$Душ впечатлений WDT - водный аттраукион, дарящий массу впечатлений&
Экстремальное охлаждение;;Оборудование для экстремального охлаждения после сауны.;"Экстремальное охлаждение после сауны.

CПА процедуры основаны на сочетании воздействия воды, температуры, соли лечебных грязей на организм человека. Посещение сауны или турецкой бани – часть современного СПА ритуала. Научно доказано, что правильное охлаждение залог успешного посещения бани. После каждого пребывания в парилке можно неспешно пить воду или горячий чай в предбаннике, но гораздо полезнее и приятнее облиться ледяной водой, окунуться в прорубь или растереться колючим снегом. Снег и лед – это традиционно зимние забавы, которые едва ли доступны жителям городов или южных регионов.

Однако современное оборудование для СПА позволяет испытывать целую гамму ощущений в течении года, вне зависимости от сезона. Снежная комната – это помещение, заполненное мягким снегом. Ледяная прорубь или иначе, ледяная купель – бассейн с холодной водой, по бортам которого образуются ледяные наросты.

Альтернативным методом охлаждения является установка льдогенератора. Причем для СПА-зон необходимо использовать определенный ледогенератор - тот в котором лед на выходе подается в виде чешуек. Этим он отличается от пищевых льдогенераторов, которые дают лед в виде кубиков. Это удобно для коктейлей, но никак не подходит для охлаждения тела. Такие ледогенераторы позволяют производить от 220 до 380 литров чешуйчатого льда в сутки.";снежная комната, снежная комната в сауне, ледяная прорубь, ледяная купель, e-cool, льдогенератор, ледяной фонтан;Оборудование для экстремального охлаждения после сауны и бани: снежная комната, ледяная купель, ледогенератор, ледяной фонтан;cooling.jpg$Оборудование для экстремального охлаждения: ледяной фонтан, снежная комната, ледяная прорубь, фригидариум&
Флотарий;;Капсула для сеансов невесомости Float SPA. Флоатинг – научно обоснованный метод релаксации.;"Капсула для сеансов невесомости Float SPA

Флоатинг – научно обоснованный метод релаксации. Капсула для сеанса невесомости Float SPA наполнена водой с высоким содержанием соли. Вода такой плотности выталкивает тело на поверхность, создавая ощущение невесомости. Температура воды, приближенная к температуре тела, парение, отсутствие внешних раздражителей (свет, шум) – такое состояние испытывает человек, находясь в утробе матери. Научно, оно получило название сенсорная депривация. Метод сенсорной депривации используется при лечении заболеваний нервной системы, а также для ментальной перезагрузки.
Сеанс невесомости длится 50 минут, первые 10 играет расслабляющая музыка и работает светотерапия, далее наступает фаза покоя, и за 10 минут до окончания сеанса снова включается звуковое сопровождение и свет.
Капсула для сеансов невесомости Float SPA – существенно отличается от аналогов, в первую очередь внешним видом. Флотариум выполнен в форме морского камня. Для того, чтобы такая СПА-процедура была приятной, было внедрено несколько уровней фильтрации воды, и продумано 5 степеней очистки.
";флотация, флотариум, парение, Спа-процедура, релаксация, float Spa, флоатинг, сеанс невесомости, флоатинг, сенсорная депривация;Капсула для сеансов невесомости Float SPA. Купить по тел. + 7(495)66-55-192;floatspa.jpg$Капсула для сеансов невесомости Float SPA, флоатинг, сенсорная депривация. Купить в России&
Массажеры Maspo;;Массажеры Maspo для фитнес центров и дома. ;"Массажеры Maspo.

Спортивные массажеры Maspo подходят для использования дома или в фитнес центре. Ручной массажер Maspo Vibromat предназначен для массажа разных участков тела. При этом использования такого массажера возможно сочетать с обычным мануальным. Массажер для тела Topfit может стать отличным дополнением к активной физической тренировке в фитнес центре. Роликовый массажер Masporoll с роликами из натурального дерева предназначен для борьбы с проблемными участками тела, так же способствует избавлению от целлюлита.
";массажер для тела, купить массажер, массажер спортивный, роликовый массажер, магазин массажеров, массажер электрический для тела, массажер Maspo;Массажеры Maspo для фитнес центров и дома. Сделано в Германии.;masporoll.jpg$Массажеры Maspo для фитнес центров и дома&
Кислородное оборудование;;Baldus кислородное оборудование для сауны – больше пользы от похода в баню.;"Baldus. Кислородная сауна.

Кислород – основа жизни на земле. Просто задумайтесь, как долго человек может продержаться без еды? Без воды? А без кислорода? Едва ли пару минут. В раскаленной до ста градусов сауне часто ощущается нехватка кислорода, сердце начинает усиленно работать, чтобы доставить O2 ко всем клеткам организма, именно поэтому такие процедуры не рекомендованы людям с заболеваниями сердечно – сосудистой системы.
Что отличает кислородную сауну?
Кислородное оборудование для сауны представляет из себя клапан, в отверстие которого вставляется штекер дыхательного шланга, и рычаг для включения подачи кислорода. Таким образом, клетки обогащаются кислородом изнутри, снижается нагрузка на сердце и кровеносную систему, выводится лишняя жидкость из организма.
";кислородное оборудование для сауны, кислородное оборудование, кислородное оборудование для бани, baldus;Baldus кислородное оборудование для сауны – больше пользы от похода в баню. Купить по тел. +7(495)66-55-192;baldus.jpg$Baldus кислородное оборудование для сауны&
Для бассейна;;Души для бассейна, садовые души Idea, изливы, аттракцины. ;"Илеальные души для бассейнов.

Многие предпочитают проводить теплые летние дни в домах за городом или на дачных участках. Бассейны – это неотъемлемая часть развлечений в жаркие дни для взрослых и детей. Хлорирование воды – один из наиболее распространенных и действенных способов очистки воды. Тем не менее, при долгом нахождении в бассейне могут возникнуть не приятные ощущения: сухость кожи, зуд. Именно поэтому рекомендуется после плавания принимать душ в проточной воде. Для этого рядом с бассейном принято устанавливать душ. Душевые стойки для установки на улице могут быть с подводом горячей и холодной воды, с подключением только к холодному водоснабжению, а так же с баком для нагрева воды на солнце. Непременно такой душ должен отличаться высоким качеством материалов и износостойкостью для эксплуатации в нашем климате. Идеальное сочетание по цене и качеству – души для бассейна от немецкого производителя душей и аксессуаров Ideal.

";Ideal, души для бассейна, летний душ, уличный душ, лестница для бассейна, лестница в бассейн, излив в бассейн, ;Души для бассейна, садовые души Ideal. Купить по тел.+7(495)66-55-192;kuba_shower.jpg$Души для бассейна, садовые души Idea, изливы, аттракцины&
Оборудование Кнейпа;;Оборудование для водных СПА процедур по методике Кнейпа: Дорожка Кнейпа, Шланг Кнейпа, Ванночки Кнейпа.;"Лечение водой по методу Себастьяна Кнейпа.
Себастьян Кнейп, священник родом из Германии, в Штефансриде. Он исследовал воздействия воды на человеческий организм. На себе испробовал обливания водой различной температуры, принятие ванн, купание, хождения по воде и земле, свой опыт отразил в книге «Мое водолечение». Основа лечения водой по методу Кнейпа лежит в пяти принципах: водолечение, фитотерапия, прогулка и гимнастика, здоровое питание и психосоматика. Данные направления развивались в последующем как совместно, так и индивидуально. Их активно применяют на практике и сейчас.

Дорожка Кнейпа.
Дорожка Кнейпа - это несколько резервуаров (рекомендуется не менее четырех), наполненных водой контрастной температуры (горячей и холодной последовательно). На дне устанавливаются специальные плиты, которые имитируют природные рельефы камней разного размера и формы, которые массируют стопы при ходьбе. Ванночки с горячей водой подсвечиваются красным цветом, с холодной синим.
Можно заказать дорожку Кнейпа круглой или прямоугольной формы, а так же в форме полукруга, с поручнями и затейливым вариантом дизайна. Оборудование отвечает за наполнение ванночек водой, поддержание необходимой температуры, следит за уровнем воды и отвечает за функцию самоочистки.

Ванночка для ног.
Ванночка для аэромассажа ног. Оборудование автоматически заливает и сливает воду, поддерживает температуру. При данной процедуре ноги помещаются в воду до середины икры. Ванночка Кнейпа расслабляет ноги после долгой прогулки, так же размечает кожу, поэтому подобная процедура подходит для подготовки к педикюру или массажу.

Шланги Кнайпа.
Основной этап закаливания – обливание. Шланги Кнайпа изготавливаются из медицинского материала, который препятствует возникновению бактерий, образованию плесни и отложению солей внутри. Струя воды оказывает массажный эффект, воду попеременно направляют главным образом на позвоночник, затылок, область желудка и солнечного сплетения, а также на места сгибания рук и ног.  Оптимальная температура воды для такой процедуры 15-18 °С.
";дорожка кнайпа, дорожка кнейпа, дорожка кнейппа, метод кнейпа, метод кнайпа, водолечение +по методу кнайпа, шланг кнейпа, kneipp, ванна кнейпа;Оборудование для водных СПА процедур по методике Кнейпа: Дорожка Кнейпа, Шланг Кнейпа, Ванночки Кнейпа.;kneipp.jpg$Оборудование для водных СПА процедур по методике Кнейпа: Дорожка Кнейпа, Шланг Кнейпа, Ванночки Кнейпа&
